{"mean":[367.74890764496223,297.44505595864507,372.2790224615723,310.85216309523526,601.4794261463986,469.0016115503114,540.6240343553714,386.5292681737583,175.92725363497115,135.7450698345367,132.18829927145262,1.0821517582807074,1.0619795848278626,283.7426109344029,213.10239020926772,218.15368198485587,0.3881919683582348,0.5678655419117936],"std":[215.4859021479794,180.05655984189133,194.03404368301602,159.3901412503554,207.3118608982072,165.2567112607891,199.98328890282215,160.13520073141416,96.30162426930934,45.785568350058696,44.37532004029525,0.8355531294678018,0.8890766937822943,107.51998062260725,47.48437272718451,44.90889738815008,0.4666333041603323,0.5087077136700568],"res":["960","540"],"selector":[1,0,0,0],"FC_model_version":1}