{"mean":[366.6875201933573,298.183624703674,371.1635268479338,310.5131983625986,603.7574714671103,464.56713753050906,541.4137603513009,381.5993032211904,173.46664687334248,136.46064838362614,131.1526984663141,1.0691302535660763,1.0950269888759179,285.501848744818,-174.19444444444446,-172.58333333333334],"std":[215.64101075759552,180.0219023718459,194.3508950433755,160.33853140599754,200.4718323810024,165.74636979948934,195.39950434494943,161.10721302350456,96.61674101697538,45.811871319904334,44.665238988423354,0.8279468574076436,0.8919765163493951,108.44010726336961,75.38901682622402,77.2599777806509],"res":[960,540],"selector":[1,0,0,0],"FC_model_version":1}