{"mean":[357.5927854972373,291.8641121586816,361.56125516599,305.6919671303712,597.2951104367326,462.8970831680722,534.9086193398181,380.0046813431009,171.68157492653293,136.4687834771535,130.02597506256146,1.0839245115989984,1.0938766850483117,280.85728187065075,-173.06896551724137,-171.9241379310345],"std":[213.07174144336042,183.30994206919212,192.41152006566975,162.53900435570839,197.91964848207365,167.13033025469227,190.83284442549532,163.08572426797636,98.48053686434729,45.71616440592913,44.654431166718986,0.8512240161993405,0.8782935246292133,109.3639966897423,74.99927863307468,76.58289020749149],"res":[960,540],"selector":[1,0,0,0],"FC_model_version":1}