{
  "mean": [
    363.832521391147,
    302.7243399396537,
    368.81181462966475,
    313.5102568366467,
    613.5156024146104,
    464.4243671756738,
    550.2407574254137,
    382.2457205632552,
    172.62951761492246,
    137.22875559882627,
    129.52527768242868,
    1.0915934890982117,
    1.077046292885518,
    287.3645452379875,
    212.71656839727186,
    219.85400632361035,
    0.39758348809882854,
    0.5649213637854439
  ],
  "std": [
    221.6533670580274,
    182.35387142796736,
    199.71627391251744,
    162.83239399500857,
    190.3914590447031,
    174.6844801066809,
    184.92966587762683,
    168.9630824513095,
    97.16086136594568,
    46.02601043755161,
    42.08714104438222,
    0.8605936688575568,
    0.858223959966151,
    105.6061936638413,
    48.447341130572816,
    45.53807092376569,
    0.4506878296263514,
    0.5314040694066813
  ],
  "res": [
    960,
    540
  ],
  "selector": [
    1,
    0,
    0,
    0
  ],
  "FC_model_version": 1
}